#;Mbps;origen
1;10; Av. d'Isidor Macabich, 45, 1º1 07800 Eivissa, Illes Balears
2;10; Carretera Nacional 400, Km. 57,3, Noblejas, 45350, Spain
3;1000; Joan Torro i Cabratosa 3, Girona, 17005
4;10;1 Avenida das Mariñas, Oleiros (A Coruña), 15171, SPAIN
5;10;1. Avda. Portugal 120 32002 Ourense
6;10;1. Cr Sevilla, Km. 311,800 6200 Almendralejo First - stop
7;10;1. J.M.Durán González 45, oficina 3ª (E. Veracruz) 35010 Las Palmas
8;10000;10 Louis-haefliger-gasse, A-1210 Wien, Vienna, 1210, Austria
9;100;10 SANTA MARIA DEL AGUILA, EL EJIDO, AL, 04710, Spain
10;10000;11 Hanbury St, NA, London, E1 6QR
11;10;12. Pol. Ind. A Granxa 36400 Porriño, O, 10Mb
12;10;14 Calle Graciliano Afonso, 35120 
13;10;15 Av. Valencia. Casinos
14;10;15 Rosia Road, Gibraltar, GX11 1AA, GIBRALTAR
15;1000;160 BASE AREA DE MORON
16;1000;18280 Algarinejo, calle Redonda, 8
17;100;2. Plot 25,Technological Park of Asturias, Llanera Oviedo,Building Cebtro Elena II 1,, Asturias, 33428
18;1000;23660 Alcaudete calle Avda. Andalucia, 20
19;500;25 South Barrack Road, Mount Pleasant, GY1 2RZ, Gibraltar
20;10;25-31,25-31, CARRER UNICEF, SALT, GIRONA, 17190, Spain 17190 GIRONA
21;10;28 CALLE MARGARITA, Marbella
22;10;28 CALLE MARGARITA, Marbella, 29600
23;1000;"36°12'21.51""N - 5°21'32.87""O"
24;10000;38.242266, -1.377001. Cieza
25;10;40.770688,-0.641688. Canizar del Olivar, AMAE Almacén, C/ Masia la Mezquitilla s/n, 
26;FO;"40°18'48.87""N / 3°15'3.77""O"
27;10;45950 Casarrubios Del Monte, Toledo, , Spain
28;20;46 Poligono Vicolozano, Parcela, 05194 Avila
29;80;48 Carrer Gremi de Cirurgians i Barbers, 07009 Palma
30;10;53 Avinguda de l'Estacio
31;2;7 Romica Calle A
32;10;8 Calle de Julian Camarillo
33;10;8, IGLESIA, CASTILLA-LA MANCHA, TORIJA
34;1000;ADAM Cerdanyola,  C/ Artesanos, 7, Cerdañola
35;10;Address: Avinguda Parc Logistic 26, Barcelona
36;5;adidas AG,ADIDAS FO Teruel-Mora,Carretera de Cabra de Mora s/n,44400, Mora de Rubielos,ES   Mora de Rubielos
37;10;Aeropuerto de Gran Canaria Autopista GC1
38;10;Aerpuertode de Ibiza, Ibiza,
39;50;Afueras, s/n, Barcelona, 08260
40;100;AGREDA, Pol. Industrial Valdemies II, parcela 3 , 42100 
41;100;Ágreda, Siemens Gamesa Renewable Energy Eolica, , Pol. Ind. Valdemies, 2 Parc. 3, 42100 Ágreda
42;10;Agustina de Aragón 4b, local 7 6004 Badajoz
43;10;ALBACETE, Calle Ricardo Castro, 5, 1ºDcha, 02001
44;10;ALBACETE, CRO C/ Ricardo Castro, 5 - 1ºDcha , 02001 ,
45;1000;Albuñol 
46;1000;Alcudia de Guadix
47;15;Algete-Madrid
48;50000;Alkiza bidea, 20159, Asteasu, Gipuzkoa, Euskadi
49;50;Alkiza bidea, 20159, Asteasu, Gipuzkoa, Euskadi, 20159
50;450;Alonso (Huelva)
51;10;Alonso Alvarado 14 35003 Las Palmas
52;100;AMAE Almacén, C/ Masia la Mezquitilla s/n, 44707 Cañizar del Olivar
53;10;Ampliacon Sur,s/n-puerto de valencia 46024 Valencia
54;10;Antxotxipi Kalea, 19 Irún
55;2;Aranaburu Kalea (Pol Lanbarren) 3
56;2;Aranaburu Kalea (Pol Lanbarren) 5
57;4;Arañaburu Kalea (Pol Lanbarren) 3 OIARTZUN
58;10;"Arcipreste de Hita 12;Bajo. Carriza"
59;1000;Arquitecto Francisco Casas 07181 Portals Nous
60;100;As Somozas, Parque Industrial de As Somozas,
61;50;ASTEASU, Alkiza bidea, 20159, Asteasu, Gipuzkoa, Euskadi, 20159
62;10;Autopista del Nte. 36
63;100;Autovia A-5, Km. 125, 45600 Talavera de la Reina Toledo, Spain
64;100;AUTOVIA A66, KM 4,5 ACCESO SANTANDER, Siero, ASTURIAS, SAN11, 33429, Spain 33429 ASTURIAS
65;4;Autovía Rías Baixas, 664, 36214 Vigo, Pontevedra, Spain
66;20;Av Angel Romero 18
67;20;Av da Bruselas Parc 146 Cartagena
68;10;Av de la Tecnica, 819200 Azuqueca de Henares, Guadalajara    
69;10;av de l'estacio, 53, Blanes 17300 - Gerona   Blanes
70;10;Av de Ólvega 42100 Agreda
71;20;Av Gran Via De La Manga S/N La Manga
72;10;Av Infante D Henrique 347 It 575, Lisbon, 1800 218, Portugal
73;3;Av Litoral
74;20;Av Santa Barbara S/N Toledo
75;20;Av Trapiche Marbella
76;500;Av. Álvaro Alonso Barba, s/n, 41092 Sevilla
77;20;Av. Andalucía 215 Estepona
78;100;Av. Carl Friedrich Gauss 3. 08860 Castelldefels
79;20;Av. de Bilbao 72
80;20;Av. de Francia 28 Jaca
81;10;Av. de la Constitucion 295, Casarrubios del Monte, 45950,
82;200;Av. del Brillante, 106, 14012 Córdoba
83;30;Av. del Rio Henares 18
84;20;Av. Diputacio 17, Montaverner, 46892
85;10;Av. Ebro, 25-26 Naves, 7 a 9, Poligono el Seguero. Agoncillo
86;10;Av. Ebro, 25-26 Naves, 7 a 9, Polñigono el Seguero
87;20;Av. Fabero 15 Ponferrada
88;10;Av. Federico García Lorca, 11, Las Palmas de Gran Canaria, Spain
89;20;Av. Galán Bergua 2 Alcañiz
90;10;Av. Jose Mesa y Lopez 25
91;200;Av. Martínez de Velasco, 3, 22005 Huesca
92;20;Av. Parc 46 Manacor
93;20;Av. Pío XII 51 Talavera de la Reina
94;20;Av. Ramón Menéndez Pidal 26 Albacete
95;20;Av. Ramón y Cajal 15 Albacete
96;20;Av. Valentín Masip 22 Oviedo
97;20;AVD. PAISOS CATALANS 3 - POL. IND. MAS MORATO B-13 3 17700 LA JONQUERA
98;10;AVD. PAISOS CATALANS 3, POL. IND. MAS MORATO B-13, LA JONQUERA
99;5;Avd.de la innovacion 9-11, 31621
100;10;Avda de la barca, 75 - 19208 Alovera - Guadalajara
101;10;Avda Ebro 25-26 Naves 7 a 9 Pol ind El Seguero. Agoncillo
102;10;Avda. Arquitecto Gaspar Bennasar 20 7004 Palma de Mallorca
103;10;Avda. de Asia s/n FONTANAR GUADALAJARA,
104;10;Avda. Jaume I, 76 4rta. 1a
105;10;avda. Rafael Cabrera nº 10 - Of. L, 28.105567, -15.414359, 35002
106;20;Avda. Vicente Risco , 76 
107;4;Ave. Kohly, No. 259, e/ 41 y 43, Nuevo Vedado, La Habana, Kuba
108;30;Avendia Jaime Montero Espinosa, 2, 06010 Badajoz 
109;10;AVENIDA  DEL VALLES 33, TERRASSA, 33L, Spain
110;2;AVENIDA A (POL ROMICA) 16
111;4;AVENIDA A (POL ROMICA) 16 ALBACETE
112;100;Avenida America 8, Fontanar, 19290
113;1000;avenida ausias march 19       46842    rugat
114;1000;Avenida Blasco Ibáñez 5 Corbera
115;10;"Avenida de Jose Garate 3;Bajo"
116;1000;Avenida de las Navas 162. 47162, Aldeamayor de San Martín
117;20;Avenida de Naos 60, Bajos 60
118;10;"Avenida del Atlantico, s/n
38620 Tenerife"
119;10;Avenida el Guincho, número 4Urbanización Atlantic, Golf del Sur
120;30;Avenida Federico García Lorca 11
121;30;Avenida Jaime Montero Espinosa, 2, 06010 Badajoz  
122;10;Avenida Juan Carlos II 29
123;2;Avenida la Veguilla 13
124;10;Avenida Larona nº 12, 19171 Cabanillas del campo (Guadalajara)
125;10;Avenida Manuel Echevarria, Manzana 2, Polígono Industrial Rio San Pedro, Muelle de la Cabezuela
126;1000;Avenida Maritima, 19 (Edificio Brisamar 3 - local 3), 38530 Candelaria, Santa Cruz de Tenerife 
127;3;Avenida Santa Maria de Casia
128;2;Avenida Via Apia no s/n - Loc 25-46
129;4;AVENIDA ZARAGOZA 13 44001 TERUEL
130;20;Avinguda d'Alacant 85 Pedreguer
131;500;Avinguda de Montilivi, 141, 17003 Girona
132;20;Avinguda D'isidor Macabich 72
133;30;Avinguda D'isidor Macabich 72. Eivissa
134;10;"Avinguda Generalitat 36;Bajo"
135;20;Avinguda Sant Francesc 64 Elx
136;100;AZNALCAZAR PARCELA 128 POL. IND PIBO, BOLLULLOS DE LA MITACIAN, SEVILLA 
137;50;BARBASTRO, POLIGONO INDUSTRIAL, VALLE DEL CINCA, 22300
138;2;Barrio Artiz 33
139;20;Barrio el Cerezo 13 Torrelavega
140;1.5;Barrio Epele Bailara no 29
141;10;Baumann Springs in Spain Legutiano (Alava).
142;10;Benifaio, Carrer la Font de l'Almaguer, 21
143;400;Berio Pasealekua 9
144;10;Boulevard de la Cala, Malaga, 29649, Spain 
145;10;Boulevard Voltaire, 75011 Paris
146;500;Breda
147;10;BUILDING UNION Y EL FENIX, 120, TRIANA, Las Palmas de Gran Canaria - Cuenca del Guiniguada, LAS PALMAS, LAS PALMAS DE GRAN CANARIA, CN, 35002, Spain
148;2;C (POL IND TARTESSOS) 5   BAJO(
149;3;C / Mayor de Triana 50
150;10;C Gudarien Etorbidea 33
151;10;C Laura Grote de la Puerta n 16 18 Pol Ind el Mayorazgo, Canary Islands, 38108
152;10;C Laura Grote de la Puerta n 16 18 Pol Ind el Mayorazgo, Canary Islands, 38108, Spain
153;100;C. Almogávares Nº4 Huesca 22002
154;20;C/ Alcalde Artal De Foces Bajo Onteniente
155;20;C/ Alona 19 Bajo Barcelona
156;10;"C/ Ambrosio de los Heros 48500 - Las Carreras
43°19'17.9""N 3°06'17.6""W"
157;6;C/ Aragon, 1 CRTA. Sesena-Illesca km.8 ESQUIVIAS TOLEDO,
158;10;C/ Aragon, 1 CRTA. Seseña-Illesca km.8 ESQUIVIAS TOLEDO,
159;20;C/ Bioy Casares Caceres
160;200;C/ Camí dels Reis, s/n, 07011 Palma, Illes Balears
161;100;C/ Cantero s/n P.I. Mohedano YUNQUERA DE HENARES GUADALAJARA,
162;3;C/ Cataluna, 1 CRTA. Sesena-Illesca km.8 ESQUIVIAS TOLEDO,
163;100;C/ Curtidores, 15
164;20;C/ De La Cizalla M3 Maspalomas
165;100;C/ de l'om 44. Simat de la Valldigna, Valencia
166;100;c/ de l'om 44. Simat de la Valldigna. Valencia
167;100;C/ Ducado 2
168;10;C/ Euskadi CRTA. Sesena-Illesca km.8 ESQUIVIAS TOLEDO,
169;20;C/ Francesc Moragas S/N, Bajos Manresa
170;100;C/ Guimaraes, 1 / Autopista del Norte , KM.. 16-19 1, 38350 Los Naranjeros, Tacoronte
171;10;C/ JARAMA, 75 45007 TOLEDO
172;1000;C/ Jesús Hernández Guzmán, 4. TELEVISIÓN PÚBLICA DE CANARIAS, S.A. 
173;10;C/ La Garlopa 22 PI Arinaga35119 Aguimes, Aguimes, 35119, Spain 
174;100;C/ LARONA, 1 SECTOR SI21. POL. IND. LA QUINTA
175;10;C/ LARONA, 1 SECTOR SI21. POL. IND. LA QUINTA 19171 CABANILLAS DEL CAMPO
176;10;C/ Las Mimosas, Manzana 1, Parcela 125-A 35118 Gran Canaria
177;10;C/ Las Mimosas, Manzana 1, Parcela 125-A. Gran canaria
178;1000;C/ Madalena, 21 . ENS PÚBLIC DE RADIOTELEVISIÓ DE LES ILLES BALEARS 
179;20;C/ Maria Auxiliadora S/N La Laguna
180;10;C/ Marianas 52,  19208  Alovera -  Guadalajara
181;20;C/ Orleans, 43870 Amposta
182;1000;C/ Río Guadalmena, 6. TELEVISIÓN AUTONÓMICA DE CASTILLA-LA MANCHA, S.A. 
183;20;C/ San Antonio 204 Calella
184;20;C/ Seneca S/N Roquetas
185;10;C/ Sindicato, 67. 07002 Palma de Mallorca
186;20;C/ Toni Sandich 4-Bajo C Ibiza
187;50;C/ Vega del Henares   Quer
188;10;C/. Miguel Curbelo Espino S/N, 
189;10;C/Agualatente, Nº 10 Polígono Industrial Lomo Blanco - Las Torres 35010 Las Palmas de G.C
190;10;C/Arkotz, 8
191;10;C/de la Perdiz, Parcelas 18 y 19 49950 Casarrubios Del Monte / Toledo 
192;100;C/El Rayo, 3. Cavanilles del Campo
193;20;C/G Nave D-18-Bis Orcoyen
194;100;C/Juan de la cierva 3. Tarancon (Cuenca) CP16400
195;10;C/Molino Grande s/n Polfgono Industrial Cabecicos Blancos, Librilla, Murcia 30892
196;10;c/Pintor Nicolas Massieu14 35018
197;10;c/Pintor Nicolas Massieu14 35018 Las Palmas
198;100;C/Primera 17. Polígono Industrial Montalvo III. Salamanca
199;10;C/Unicef , 25-31
200;100;C/Vega del Henares, Nave 1, Guadalajara, 19209
201;1000;Cádiz- Ramón de Carranza
202;300;Calamocha
203;60;Calle 1 Parcelas P3 Y p4, MANZANARES. CIUDAD REAL, 13200, Spain
204;2;Calle 5 no 5-7
205;10;Calle Agana 15
206;20;Calle Albareda 55-57 Las Palmas de Gran Canaria
207;4;CALLE ALONSO DE BAEZA 5 23440 BAEZA
208;20;Calle Asturias 5 San Pedro Alcántara
209;2;Calle Buen Pastor no s/n
210;20;Calle Cáceres 4 Mérida
211;30;Calle Camino del Álamo, 3, 45940 Valmojado, Toledo
212;20;Calle Carolina 18 Úbeda
213;20;Calle comunidad Foral de Navarra S/N, Tarazona, Aragon 50500
214;10;Calle Conde de la Vega Grande 1
215;20;Calle Corrientes 9 Las Palmas de Gran Canaria
216;20;Calle Cuba 23 Villares de la Reina
217;20;Calle de Bonn 6 Benidorm
218;6;Calle de Embajadores 474
219;1.5;Calle de Gavilanes 12
220;20;Calle de Iriarte 17 Puerto de la Cruz
221;150;Calle de Julian Camarillo 8 Madrid
222;1000;Calle de Julian Camarillo 8, Module 1, Madrid, 28037
223;2;Calle de la Dorada 29
224;20;Calle de la Rambla 43 Yecla
225;10;Calle de Nuestra Señora de la Ternura, 17
226;2;Calle de Rivas 18
227;100;Calle de rosas s/n 17469 villamalla
228;10;Calle de Santa Lucia 27, Oion 01320 
229;20;Calle de Teniente Benítez 2 Cuenca
230;400;calle de Venancio González, 24, 45001 Toledo
231;100;Calle del Arroyo, 1, 05165 San Pedro del Arroyo, Ávila
232;10;Calle del Castillo 50
233;20;Calle Dimas Madariaga 27 Salamanca
234;2;Calle Dr. Severo Ochoa 124
235;20;Calle Dr. Severo Ochoa 124 Talavera de la Reina
236;20;Calle E 34, Polygon Industrial Las Casas , Soria, 42005,
237;20;Calle El Chip 9
238;10;Calle Empresari Josep Segura I Farré, 0, 25191 Lleida, Spain
239;20;Calle Felipe Pedrell 12 Santa Cruz de Tenerife
240;20;Calle Fortuny 17 Melilla
241;10;"Calle Fuente de Santa Cruz no3, Edificio Ciudamar, 2a Planta, 
Puerta A, CP: 38003 - Santa Cruz de Tenerife, Spain"
242;20;Calle Fuente Santa Cruz 3 Edif. Ciudamar 2a Planta Puerta A
243;100;Calle Gamo, 12 - 28976 Batres
244;2;Calle Gibraltar 45
245;50;Calle Gibraltar 45 Huesca
246;20;Calle Godofredo Ortega y Muñoz 11 Badajoz
247;20;Calle Gómez Gil 12 Albacete
248;20;Calle Hermanos Pinzón 6 Jaén
249;1000;Calle Hospital, 64 - 08001 Barcelona, Spain
250;2;Calle Ind. Nuevo Puerto Fabrica Amoniaco-Urea No s/n
251;20;Calle Ing. Montaner 6 Huesca
252;20;Calle Inmaculada 29 Águilas
253;20;Calle Jeronimo Santa Fe 7 Lorca
254;20;Calle José María Beobide 4 Pamplona
255;20;Calle José María Lacasa 13-15
256;20;Calle José Ortega y Gasset 1 Arrecife
257;10;Calle Josefina Mayor 9, Poligono Industrial El Goro, 35219
258;20;Calle Juan Carlos I 11 Gran Tarajal
259;10;Calle Juan Carlos I 15
260;20;Calle Juan Ravina Mendez 5 Santa Cruz de Tenerife
261;10;Calle Las Casuarinas 117
262;20;Calle Licoristas 2 Poligono Industrial de Valls
263;20;Calle Licoristas 2, Poligono Industrial de Valls, Valls (Tarragona), 43800
264;10;"Calle Londres No. 6
38660 Costa Adeje"
265;20;Calle Los Martires 81 La Roda
266;10;Calle Luis Morote 6-3º, 35007 Las Palmas de Gran Canaria
267;20;Calle Maestro García Muñoz 24 Soria
268;1000;Calle Mercè Rodoreda i Gurgui, 2, 17003. Girona, Spain
269;;Calle Milicias, 26003 Logrono
270;10;Calle Misiones, 9, Las Palmas de Gran Canaria, 35008, Spain
271;200;Calle Muelle 6, Palma, 07012
272;6;Calle Nicolas Redondo Urbieta 410
273;10;Calle Orba, 6, Alicante, Spain 3008 Alicante
274;20;Calle Pablo Picasso 12 Motril
275;20;Calle Padre Feijóo 3 Ceuta
276;20;Calle Patrón Veneno 10 Torre del Mar
277;20;Calle Pedro Poggio 14 Los Llanos
278;20;Calle Pintor el Greco 12 Linares
279;30;Calle Prof. Agustín Millares Carlo 10
280;10;Calle Real 18
281;100;Calle Real 26, 26. 11639 Algar, Algar, 11639, Spain
282;2;Calle Rio Guadiana 45
283;2;Calle Rio Jarama 180
284;50;Calle Rio Jarama 180 Toledo
285;100;Calle Rio Jarama 75
286;50;Calle Río Jarama 75, Toledo, 45007
287;100;Calle Rio Odiel 12, Castalla, Alicante
288;20;Calle Romanceros 5 Palencia
289;20;Calle San Lucas 8 Teruel
290;20;Calle Santa Rosa 1 Arona
291;20;Calle Santa Teresa De Jesús 43
292;30;Calle Santa Teresa De Jesús 43. Arrecife
293;10;Calle Santa Teresa de Jesus no 43, Arrecife de Lanzarote, 35500, Spain
294;10;Calle Santiago Rusiñol 12
295;20;Calle Sevilla 2 Almuñécar
296;20;Calle Sta. María de la Cabeza 6 Cádiz
297;10;Calle Tabaza no s/n
298;20;Calle Tesoro 3 Cabanillas del Campo
299;2;Calle Trasona- Planta Aceralia no s/n
300;10;Calle Turismo 2 oficina 1, Rojales, 03170, Spain 
301;100;Calle Única S/N. 22451 Vilas de Turbón. Huesca
302;20;Calle Vertical Sexta 15 Carbajosa de la Sagrada
303;10;Camino de alovera nº 7 - Poligono Industrial la quinta  - 19171 Cabanillas del Campo  - Guadalajara 
304;10;Camino de la Magdalena s/n, Toledo 45210 Yuncos
305;1000;Camino de las Clarisas, 263. RADIOTELEVISIÓN DEL PRINCIPADO DE ASTURIAS, S.A.U. 
306;30;Camino de Valmojado, 3, Valmojado
307;30;Camino de Zurraquinillo. Toledo
308;2;Camino Del Sabinar S/N
309;4;Camino Melon 61
310;10;Camino Viejo de Llucmajor, 106 Coll d´en Rabassa 07007 Palma de Mallorca 
311;20;CANDELARIA, Pol. Ind. Güimar. Manzana E, Parcela 10 - Nave B, 38509,
312;2;Canizar del Olivar, AMAE Planta, C/ Masia la Mezquitilla s/n, 44707
313;100;Cantabria, Calle Alejandro de Calonge, 3, 39200 Reinosa
314;300;Caravaca 
315;10;Carr. a Tamaraceite 44
316;10;Carre Germi de Corredors, 2C. Son Rossinyol, 7009, Spain
317;20;Carrer Cooperativa 73 Mataró
318;10;Carrer de Bèlgica, s/n, 07108 Port de Soller, Balearic Islands, Spain
319;2;Carrer de Can Magi 1, Begur, 17213, Spain
320;10;"Carrer de la Selva, 21 17164 Bonmatí, Girona ;  Coordenadas GPS 41.967069, 2.661801 "
321;20;Carrer de Miquel de Verí 51 Maó
322;20;Carrer de Montfullà 4 Salt
323;20;Carrer de Pons i Gallarza 3A Palma
324;500;Carrer de Porto Pi 8, Palma
325;500;Carrer de Ses Feixes 52, Eivissa, 07800
326;2;Carrer de Vilamaniscle 3.6, Figueres
327;100;Carrer del Castanyet, Girona
328;30;Carrer Del Gremi De Corredors 2 Son Rossinyol C
329;20;Carrer d'Esteve Molas 9 Olot
330;20;Carrer d'Olivella 8 Sitges
331;20;Carrer Dr. Subiró, 50 17709 Le Perthus, Girona
332;2;CARRER EL GORG NEGRE 10 08570 TORELLÓ 
333;200;Carrer Escola de Nins, 2
334;200;Carrer Garbí, 94, 08397 Pineda de Mar, Barcelona 
335;1000;Carrer General Prim, 15, 46740 Carcaixent, Valencia
336;20;Carrer Isabel II 10 Alcoi
337;20;Carrer l'Asil 33 Elx
338;1000;Carrer Lloc Nou,1 46725 Ròtova València
339;1000;Carrer Merc_ Rodoreda i Gurgui, 2, 17003 Girona
340;300;Carrer Mercè Rodoreda i Gurgui 2
341;20;Carrer Orient 37 Girona
342;20;Carrer Pablo Iglesias 63 Mataró
343;10000;Carrer Parc Bit-1 2, Palma, 07120
344;10000;Carrer Parc Bit-1 2, Palma, 07120, Spain
345;1000;Carrer Parc Bit-1 2, Palma, 07120, Spain 
346;20;Carrer Pirineus 34 Pineda de Mar
347;20;Carrer Ramon Llull 5 Lleida
348;20;Carrer Roís de Corella 6 Gandia
349;10;Carrer Sant Sebastià 2, 17493
350;20;Carrer Serra de Prades 4 Lleida
351;20;Carrer Son Valentí A 6
352;10;Carrer Son Valentí A 6. Palma
353;2;CARRER DE L'EMPORDÀ 78 17600 FIGUERES GIRONA 
354;2;Carretera a Villafer, Km 7. 24220 Valderas, León
355;300;Carretera As19 km6, Abono, 33492
356;100;Carretera Carmona a Lora del Rio s/n, Carretera Llerena Utrera Kim 142, Sevilla
357;100;Carretera Carmona a Lora del Rio s/n, Carretera Llerena Utrera Kim 142, Sevilla, 41410
358;2;Carretera Cm-4010 no 19 - Km 19
359;10;Carretera CM-4014 (Yepes a Ocana) km 8 45300 Ocaña
360;100;Carretera de Biescas, Senegüé, Sabiñánigo (Huesca), Spain
361;2;Carretera de Carrion Km 311
362;20;Carretera de Carrion Km 311 Ciudad Real
363;30;CARRETERA DE CORELLA KM. 3.5  ES-31500 TUDELA
364;10;Carretera de Logroño - Estella Km0  Viana La Rioja  31230 
365;10;Carretera de Ojen. Marbella
366;10;Carretera del Centro 142
367;10;Carretera del norte 112
368;2;Carretera Echauri
369;2;Carretera Madrid-Irun km 417
370;10;Carretera N-611 (Pol. Ind.) KM 3,500, 34190 Villamuriel De Cerrato 34190 Palencia
371;100;Carretera Nacional 400, 57.300, 45350 Noblejas, Toledo, Spain
372;10;Carretera Nacional 550 Porriño-Tuy, km 164,5  Salceda de Caselas
373;1000;Carretera nacional 611, Km. 3,5. 
374;2;Carretera Nacional III Km 343
375;20;Carretera Nacional N-110 KM 248, Parcela 69A. Pol. Vicolozano
376;10;Carretera Nnal. 301. Km 97800, Corral de Almaguer, Corral de Almaguer, TO, 45880, Spain 45880 Corral de Almaguer
377;2;Carretera Sevilla Malaga 6
378;10;Carretera Toledo Cuenca S/N km 57, Noblejas, Noblejas, 45350
379;100;Carretera Vilas del Turbon s/n. Partida Los Plans - 22450 Campo Huesca
380;2;Carretera Zafra 32
381;10;Carretera. A1 KM 23,2 - 28700 San Sebastián de los Reyes - Madrid
382;50;CARRRETERAS MEQUINENZA 12, CARRETERA DE LA
383;90;CARRRETERAS MEQUINENZA S/N FRAGA
384;50;CARRRETERAS MEQUINENZA S/N FRAGA. 
385;100;Cartabona 10 Santa Maria Del Aguila  04710 El Ejido
386;100;Cartabona 10, Santa María del Águila – postcode 04710 (engineers should use this address) or Autovia E15, Km. 417,5 – postcode 04700
387;10;Castro y Ayala 6 - La Cuesta - La Laguna 38320 Santa Cruz de Tenerife
388;10;"Centro de Carga Aérea 
Parcela 2.4 Naves 3-5 
Aeropuerto de Barajas 28042 Barajas"
389;10 Mbps;Centro de Negocios, 72A-Of.101
390;10;Chip 3, Poligono Industrial Ajimar Telde (Las Palmas de Gran Canaria)
391;500;CI. COVES DEL LLORITO 16, ESC 000,. 43007-TARRAGONA (TARRAGONA)
392;10;Coll De La Manya S/N, Granollers
393;20;Concepcion Aleixandre n4 Guadix
394;30;Conquistador 18
395;100;Consorcio de la Zona Franca de G. Canaria, Andrés Perdomo, s/n Módulo-25 35008 Las Palmas de Gran Canaria
396;10;Consorcio de la Zona Franca de G. Canaria, Andrés Perdomo, s/n Módulo-25. Las Palmas
397;2;CRO C/ Ricardo Castro, 5 - 1ºDcha Albacete
398;2;CRO Polígono Raposales, nave 14 Arnedo
399;10;Crta Torrejon - Ajlavir Km 3,5 Apartado 111 28850 Ajalvir
400;4;CRTA. C-66 KM. 22,8 na. 17463 Flaca
401;2;Crta. de Florida de Liebana km 3,9 DONINOS DE SALAMANCA SALAMANCA,
402;30;Crta. de Florida de Liebana km 3,9 DOÑINOS DE SALAMANCA SALAMANCA,
403;10;Crta. M-113 km 12 Poligono Sector 5 Modulo 1-2 - 28814 Daganzo de Arriba
404;5;CRTA. NACIONAL C35 KM 72,5 FOGARS DE LA SELVA BARCELONA
405;10;Crta. Tafalla 17 31132 Villatuerta
406;10;"Cruz Caridad 42;Bajo. Tacoronte"
407;20;Cruz de La Calzada (Pol Ind Pelagatos)
408;10;Ctra Alicante-Cartagena Km31, , 03177, 
409;50;Ctra C15 Km 2 Poligono Masia den Notari
410;10;Ctra Logrono a Vitoria Km 31, San asensio Sg vicasa Depositio, San Asensio
411;10;Ctra. a MazarrAn, 30393 Cartagena, Murcia, Espanha
412;2x1000;Ctra. A334 Baza-Huercal Overa, Km. 59
413;10;Ctra. Asteasu (cruce Alkiza) Asteasu
414;80;Ctra. de Cabo de Gata a San JosÃ©. km 4 - 04100 NIJAR-ALMERÃ 
415;10;Ctra. de Logrono, s/n
416;10;Ctra. Gral. Del Sur, Km 10 (El chorrillo) Pol. Ind. 9-4 El Molino SANTA CRUZ DE TENERIFE
417;10;Ctra. Mazarron - los Patojos, S/N Frente EstaciAn de Servicio, Cartagena, 30393
418;10;Ctra. N-320. Cuenca - Albacete Km. 71,300 
419;10;Ctra. Nacional 340, Km. 1040,6
420;3;Ctra. Pozaldez, Km 1.
421;10;Ctra. Villares a Estación S/N. Caudete
422;10;Ctra. Zaragoza a Longrono N-232, km 28, Poligono Industrial No 6, 50639 Figueruelas (Zaragoza)  
423;50;CTRA.C-55 KM.20 015, SANT VICENT DE CASTELLET BARCELONA, 08254
424;30;Cuesta De Carlos V V, 9 1. Toledo
425;10;CV 407,CARRETERA DE ESCATRON AL APEADERO, 44592 CASTELNOU
426;300;Daroca
427;20;De les Remences 44 - Pol.Industrial Vallverix Mataro
428;100;Delphi Packard Espana S.L.U. Belchite Plant Ctra. Carinena S/N
429;100;DISEMINADO LOS ATOCHARES S/N Paraje San. LA MOJONERA
430;10;Disseminat Pont Major 14 17007 Gerona
431;10;Edif. Terminal - Oficina 601 Palma de Mallorca
432;10;Edificio CataluÃa , Calle Luis Morote 6-3, 35007 - Las Palmas de Gran Canaria, Spain   Las Palmas
433;10;Edificio Cataluña, Calle Luis Morote 6-3
434;10;Edificio Dunas Triana- C/Francisco Gourie 107- Planta Tercera   LAS PALMAS
435;20;Edificio Jardines De Galicia Las Palmas
436;1000;El álamo
437;10;El Pol 1
438;10;"Elexaldea 1 - 48289 GIZABURUAGA (Bizkaia)
43.330746, -2.537833"
439;20;Ernio Bidea s/n,  Zizurkil, Guipuxcoa
440;10;Ernio Bidea, Zizurkil, Gipuzkoa 20159, Spain 
441;10;Erratzu Ind. Pol. 253, Urnieta, 20130
442;50;Esparraguera 1, Marchuquera, 46728 Gandia
443;500;Estadio Gimnàstic
444;500;Estadio Girona
445;500;Estadio Huesca
446;500;Estadio Mallorca
447;2;F (oeste) Parcela nAo 17
448;10;Fabrica de Vigo, Baixada a Gándara 32, Coruxo 36330
449;10 Mbps;Fernando Mugica Kalea 11
450;100;Figueres
451;10;FRAGA, Av. Mequinenza, 12, Huesca, GPS: 41.512216, 0.326495, 22520
452;20;Fujitsu CALLE ALMIRANTE DIAZ PIMIENTA 8 38005 SANTA CRUZ DE TENERIFE
453;10;Gandariña  19 - Nave 5 - La Bagunda. Vigo
454;50;Ginebrer 2 RIUDELLOTS DE LA CREU
455;2;Ginebrer 2. RIUDELLOTS DE LA CREU
456;50;GRINON, Crta. Navalcarnero a Chinchon, km 21.3, 28970,
457;100;Huércal-Overa,Almería
458;100;Igualada, Barcelona, Catalunya, 08700
459;10;Isidoro Macabich, 72, Ibiza, 07800, Spain
460;30;Italia 12
461;10;J.M.Durán González 45, oficina 3ª (E. Veracruz) 35010 Las Palmas
462;50;Jijona, Partida del Espartal, s/n, 03100
463;10;Jose Maria Lacasa, 13-15, Huesca, 22001, Spain
464;10;Josep Calvet 36, Mataro
465;10;Josep MAa Sert 17  2Ao, La Garriga, 08530
466;100;Julia Morros 1, Armunia, 24009
467;30000;Julia Morros, 1
468;30;Kolon Pasealekua 2
469;2;Kostorbe Alde Kalea 1
470;4;Kostorbe Alde Kalea 1 Irun
471;FO;La Marañosa
472;10;La Relba s/n, Apartado de Correos 18, Pontevedra, Porrino, 36400, Spain
473;10;La Rioja. Mondelez (Kraft Foods). 31230
474;10;La Roca Village Outlet Barcelona
475;50;Las Palmas PuertoC/. Miguel Curbelo Espino S/NLas Palmas Gran Canaria 35008
476;10;LAS PALMAS, Edificio Dunas Triana- C/Francisco Gourie 107- Planta Tercera, 35002,
477;2;Lisboa Calle LL S/NPARC
478;2;Lisboa Calle LL S/NPARC TERUEL
479;100;Lleida
480;10;LLUCMAJOR, Calle Cas Rossos 4, 07609, 
481;2;Loc 3b Muelle De. PUERTO BANUS
482;10;Local 41 Pasillo C Aeropuerto Tenerife Sus Grandilla de Abona, Tenerife
483;10;Los Guinchos s/n, 38712 Breña Baja O San Jose
484;50;Los Palancares, s/n, Ctra. Valencia Km 2 , 16004
485;10000;Luca Egea, 4, 30440, Moratalla
486;20;Lugar Corral Igrexa 9 Bergondo
487;10;"Lugar S. Industrial el Brizo, 9
47162 Aldeamayor de San Martín, Valladolid
GPS: 41.543236, -4.660939"
488;10000;Madres, 2, 02600, Villarrobledo
489;10;Manzana 5a Parcela 24. Tenerife
490;10;Maspalomas Space Station, Maspalomas Canary Islands
491;10;MEDINA DE RIOSECO, POLIGONO INDUSTRIAL ALTO DE SAN JUAN, 47800
492;100;MEDINA DE RIOSECO, POLIGONO INDUSTRIAL ALTO DE SAN JUAN, 47800,
493;10;MEQUINENZA, Poligono Industrial Els Riols, S/N, Mequinenza, Zaragoza
494;1000;Merce Rodoreda i Gurgui 2, Girona, 17003
495;100;Misiones 1589, Piso 02 – Oficina 09, Ciudad Vieja – Montevideo, Zip code 11000
496;10;MOJONERA, Paraje Romeral y Atochares s/n, La Mojonera (Almeria)
497;10;Montana Blanca S/N, Apdo Correos 29
498;400;Montealegre del Castillo (Albacete), 38º 47’ 09,16’’ N  1º 19’ 30,28’’ O
499;30;Muelle de Levante, La Pobla de Farnals, Spain 46024 Puebla de Farnáls
500;10;NACIONAL 122 KM 229 APDO 22. Soria 42330 San Esteban de Gormaz.
501;10;Nave Industrial Ceva. Polígono industrial Dehesa de la Plata. 45340 Ontígola
502;10;Nave POE, Carretera de Madrid KM 185, 47153 47153 Valladolid
503;100;NO 18,CENTRO COMERCIAL LAS PALMAS, NO 18, EDIFICIO, CALLE PAVIA, GRAN CANARIA, 35010, Spain 35010 GRAN CANARIA
504;20;Oasis Business Centre The Golden Mile Ctra de Cadiz KM 176, Marbella, 29690, Spain
505;10;Of de Ventas de Easyjet Planta facturacion Aeropuerto de Palma de Mallorca
506;100;OUTLETUI Fashion Center Parque Empresarial Areas- Rua F - L- 20/21 (Planta 1)
507;10;P.I Inbisa Avda La Ballestera Pacerla C3 19208 Alovera (Guadalajara)
508;10;P.I. El Montalvo III C- Segunda, 6. Portal 1-2. Oficina 5, 37188 Carbajosa de La Sagrada (Salamanca)
509;10;P.I. Valdemuel Camino del Sabinar, Epila, 50290, Spain
510;2;P.I. Valdemuel Camino Del Sabinar, Epila, 50290, Spain 
511;10;P.I. Valdemuel, Camino del Sabinar, s/n 50290 Epila (Zaragoza), Epila, 50290, Spain
512;10;Palacio de Salazar - Plaza de la Paz s/n. 1330. Labastida-Bastida. Araba-Álava. (País Vasco) 
513;10;Parcelas 36-37, Poligono Industrial Las Casas, Soria, 42005
514;50;Parque Científico-Tecnológico de Almería Avda. de la Innovación, 15. Edificio «Pitágoras» Autovía del Mediterráneo (A-7). Salida 460 04131 ALMERÍA 
515;4;Parque Comercial Abadia, Carretera A-42 Madrid-Toledo KM 65, 45003 Toledo, Spain
516;4;Parque Empresarial Ordes, Parcela 20, Galicia, GC
517;20;PARQUE INDUSTRIAL AUTOEUROPA, QUINTA DO ANJO, PALMELA, 2950403, Portugal
518;10;PARQUE INDUSTRIAL DE SAMPAIO - OLIVEIRINHA, CARREGAL DO SAL, 3430, Portugal
519;10;Parque Tecnolog. y Log. de Vigo 36312 Vigo – Pontevedra 
520;10;Parque Tecnológico, edificio 300 48170 Zamudio
521;10;PARTIDA DELLA SEGRE s/n, Mequinenza, ZARAGOZA 50170
522;20;Paseo Alejandro Calonge, 3
523;10;Paseo Alejandro Calonge, 3 Reinosa
524;1000;Paseo de Berio, 9,  28018. San Sebastián, Spain
525;20;Paseo Fluvial, 15, 5a planta
526;20;Paseo Fluvial, 15, 5a planta. Badajoz
527;50;Paseo Germanias 84 entresuelo, 46702 Gandia
528;2;Paseo La Magdalena 28
529;200;Paseo Santa Maria del Aguila 67, El Ejido, 04710, Spain 
530;1000;"Passeig de les Germanies 55 - Esc B 7 14
 Gandia 46702 Valencia"
531;50;Passeig Joan Carles I, 1. Ibiza 07800
532;10;Pedro Asúa 69/73 (01008), Vitoria
533;30;Perkatzene N. 6  (Pol Lanbarren)
534;4;Perkatzene N. 6  (Pol Lanbarren) OIARTZUN
535;100;Pico Relojero y Ricote MURCIA
536;10;PIRINEOS P EL PRADILLO S/N   PARCE
537;20;Plaza Azkoitia S/N San Sebastian
538;30;Plaza de la Candelaria 1
539;50;Plaza la Paz, Bastida, Álava, Spain 1330 Labastida
540;20;Plaza Santiago Bernabéu 1 Almansa
541;10;Plaza Weyler 8, Santa Cruz de Tenerife 38003, Spain   Tenerife
542;10;Plaza Weyler, 8
543;10;Plaza Weyler, 8, 1º, 38003 Santa Cruz de Tenerife
544;20;Pol Ind Baix Ebre Tortosa
545;20;Pol Ind Cami Dels Frares Lleida
546;20;Pol Ind Lanbarren  c/Aranaburu Edif 4D Oyarzun
547;10;Pol. Azalenguas,Jiloca, 44340 Fuentes Claras
548;10;Pol. Henares c/ Livorno s/n, Guadalajara, 19004
549;20;Pol. Ind As Somozas 175
550;10;Pol. Ind As Somozas Somozas
551;2;Pol. Ind. 1
552;10;Pol. Ind. Alovera I .1 Crta. Alovera-Quer s/n
553;10;Pol. Ind. Alto Losar, Camino Mesa Ortiz S/N
554;10;Pol. Ind. Aretxaga, 48860 Zalla (Bizkaia) 48860 Zalla
555;10;Pol. Ind. Bayas, calle Suzana 137
556;10;Pol. Ind. Can Bosc d'Anoia 8739 Subirats
557;30;Pol. Ind. Platea - Calle de Roma. Teruel
558;4;Pol. Ind. Trobika, Martintxone Bidea 3º
559;6;Pol. Ind. Vega de Santa Cecilia, calle A s/n
560;10;"Pol. Ind. Venta de Baños 
C/ Talgo 152, 34200 (PALENCIA) 34200 Venta de Baños   [ Sumi / Std Pro ]"
561;10;Pol. Industrial Cepansa, 13
562;20;Pol. Industrial Valdemies II, parcela 3
563;5;Pol. Industrial Valdemies II, parcela 3 Agreda
564;5;Pol. Los Palancares, s/n, Ctra. Valencia Km 2
565;5;Pol. Los Palancares, s/n, Ctra. Valencia Km 2 Cuenca
566;10;Polg. Campollano-Autovia, 61 - Aptdo. 5212, Albacete,
567;10;Poli. Industrial Hellin-Sepes.Parcela nº 45 
568;10;"Polig. Industrial ""El Mugrón"" II Fase, Zona 3, Parcelas 3 y 4 "
569;10;Polig. Industrial Navas del Rey C/ Sandro Pertini, 1 
570;20;Polígon Industrial Les Ferreries, Camí de Fornells, 10-12 , 17459 - Campllong (Girona) 17459 CAMPLLONG GIRONA
571;10;Polígon Industrial Son Castelló, C/Gremi de Forners, 25
572;10;Polígono .Ind. La Redonda calle XIII nº 63 , El Ejido Almeria, 4710
573;4;Poligono Akarregi 10
574;500;Poligono Alcaudete
575;10;Poligono Campollano no 19 - Calle F
576;2;Polígono de Riaño II Parcela 33. 33920 Langreo-Asturias 
577;10;Poligono Ind El Tara, LAS TORRES DE COTILLAS, 30565
578;10;Polígono Ind. La Güera 6 El Burgo De Osma Soria 42300 
579;6;Poligono Ind. San Cristobal. C/ la Plata
580;2;Poligono Ind. San Cristobal. C/ la Plata nAo s/n
581;10;Polígono Industrial  Manzanares:  Coordenadas GPS: 39.013834, -3.360815 
582;10;"Poligono Industrial ""La Güera"" 6, El Burgo de Osma (Soria), 42300, Spain"
583;10;"Poligono Industrial ""La Güera"" 6. Soria"
584;20;Poligono Industrial Barbalanca s/n, Borja, 50540
585;50;Poligono Industrial Barbalanca s/n, Borja, 50540,
586;10;Polígono Industrial Campollano, Calle E,  nº 5. Albacete
587;10;Poligono Industrial Central Sector Les Arenelles, Naves 2-3-4-5-6 43814 Vila-Rodona
588;10;Polígono Industrial Cerro de San Cristóbal, c/ La Plata 69. Valladolid
589;10;"Polígono Industrial El Segre-L'Empresari Josep Segura I Farré - Parcela 
 726"
590;10;"Polígono Industrial El Segre-L'Empresari Josep Segura I Farré - Parcela 
 726. Lleida"
591;2;Poligono Industrial el Tapiado no s/n
592;10;Polígono Industrial La Banyeta -C/ La Banyeta Parcel.la nº 13
593;10;Polígono Industrial La Banyeta -C/ La Banyeta Parcel.la nº 13. Girona
594;4;Poligono Industrial la Paz nAo s/n - Parcela 5
595;30;"Poligono Industrial la Redonda Calle XIII Parcela 2,,
Almeria , 04710 , SPAIN"
596;10;Poligono Industrial Lerun S/N (20870- Elgoibar)/ Guipuzkoa Polígono Industrial Lerun 43.223520, -2.406244 
597;10;Poligono Industrial Malpica, Calle E - Parcela 8 - 50016 - Zaragoza - Spain
598;2;Poligono Industrial Mirabueno - Parcela C, Jaen
599;20;Poligono Industrial Municipal Vial T2 No.22 - Tudela, Navarra
600;50;Polígono Industrial Palau del Reig, Blanquers street 71
601;20;Poligono Industrial Riols, s/n. 50170 s/n. 50170 Mequinenza (Zaragoza)
602;10;Polígono Industrial Romica, Calle 4, Parcela 11C
603;10;Poligono Industrial Salinetas, Fisico 6, Telde,
604;2;Poligono Industrial San Vicente 21 - Parcela
605;20;Polígono Industrial Skol Ctra. Comarcal 35, PK 65 17451 Sant Feliu de Buixalleu - Girona
606;20;POLIGONO INDUSTRIAL URETA, ERMUA, 48260,
607;10;Poligono Juncaril  303
608;20;Poligono Maqua 19, TOP 30 S.L., Gozon, 33418, Spain 
609;10;"Polígono Perguita, Calle B nº9 
E-31210 Los Arcos (Navarra)"
610;20;Poligono S.P.1.2.- Parecela 5 Puzol, Valencia
611;10;Polígono San Antolín 7 (20870- Elgoibar)/ Guipúzcoa (GGCC)
612;10;Polígono Son Valentí, Carrer dels Fertilitzants & Carrer Calçat, 6, 07011 Palma
613;10;Portuetxe Kalea 53a, Donostia, 20018, Spain
614;10;Portuexhe 3B
615;5000;Priego de Cordoba, Plaza Palenque, 2 
616;10;Prologis Park Massalaves, MASSALAVES, 46292
617;10;Puerta de Madrid
618;200;Puerto de cruceros de S/C de Tenerife, Santa Cruz, Tenerife, 38001
619;100;Puigcerdà 
620;;Puntos cerca de frontera
621;250;R Cristovao Pinho Queimado N 33 Fraccao C Piso 1, Aveiro, 3800 012, Portugal
622;10;Rambla de la Llibertat 4
623;1000;Rambla President Lluis companys, 5, 43005. Tarragona, Spain
624;100;"Rda. J.M. Galván Bello n.16, Polígono Industrial Costa Sur, 38009 
Santa Cruz de Tenerife, Spain"
625;10;Recinto Interior de la Zona Franca, Edificio Atlas-Módulo 15. Cadiz
626;20;Redimadrid C/ Pinar 19, Madrid
627;4;REINOSA, Paseo Alejandro Calonge, 3 , 39200
628;100;Riera d'en Jorda s/n O8389 palafolls Barcelona
629;3;Rio Tiron S/N
630;50;Riudellots de la Creu, Province of Girona, 17843, Spain
631;2;Ronda de la Magdalena 42
632;20;Ronda Murallas 15 Dénia
633;1000;Roquetas de Mar
634;20;Rúa Bertón 9 Ferrol
635;2;RUA DE FONTE PARADA 125, SEROA, 04595, Portugal 
636;2;Rua de Severino Cobas 89
637;100;Rua Irmaos Siemens 1, Building 1 + 9, Amadora, 02720, Portugal
638;20;Rúa Pintor Fierros 19 Ribadeo
639;20;Rúa Río Xubia 116 Ferrol
640;20;Rúa San Francisco Blanco 6 Ourense
641;10;Rua Victor Câmara, Edificio Q61 D. Amélia, 1º andar, Lado B, Quinta da Fonte, PAÇO DE ARCOS, 99999
642;100;SABINANIGO, Carretera de Biescas, Senegue, 22666
643;2;San Martin Merca S/N
644;100;Sant Andreu de Llavaneres
645;100;SANTA CRUZ DE TENERIFE, Plaza de la Candelaria 1
646;10;Sarralle Equipos Siderurgicos SL, BO Landeta, Orendaundi Kalea n07, Azpeitia-20, Guipuzcoa, Spain
647;2;SELVA KM.16
648;20;SELVA KM.16 VILOBI D'ONYAR
649;10;Senda del Corcho s/n TORIJA GUADALAJARA,
650;200;Sevilla Atlético. Estadio Ciudad Deportiva José Ramón Cisneros Palacios
651;2;SIDEGASA (POLIGONO INDUSTRIAL) S/N   PARCE
652;10000;Sol, 4, 02400, Hellin
653;10;SOLVAY SOLUTIONS ESPANA S.L. av de l'estacio, 53, Blanes 17300 - Gerona 
654;10;Sortzen S L Pol Ind Zubieta Parc P 1 2F, AMOREBIETA
655;100;Spain, NOBLEJAS, Carretera Nacional 400, Km. 57,3, 45350
656;100;Spain, SANTA CRUZ DE TENERIFE, Ronda Jose Miguel Galvan Bello 16, 38009,
657;100;Spain, TALAVERA, Autovia A5, Km. 125, 45600
658;10;Syngenta Bioline, Calle Estano No. 2, Nave 7, Parcela 6, Ciudad Del Transporte, La Mojonera 04745 (Almeria), Spain.
659;1000;Tagamanent
660;20;Taller Renfe Cercanias, Camino de Toledo S/N, 28970 Humanes de Madrid
661;10;TARRAGONA, Avda De les Puntes s/n, illa 23,, Poligon industrial de Constantí, 43120
662;20;Tenerife South airport,  NTP Ryanair 
663;10;Tierra de Campos,POL.IND.NUESTRA SEÑORA DE LOS ÁNGELES, 34004 Palencia
664;200;Tomas Quevdo Ramierz, Las Palmas, Gran Canaria, 35008,
665;20;TOP 30 S.L., Poligono Maqua 19, 33418 Gozon
666;400;Torrecaballeros (Segovia)
667;20;Trasera Avda. Rafael Cabrera Las Palmas
668;50;Travessia Industrial, 50, 08907 L'Hospitalet de Llobregat, Barcelona
669;2;TREINTA ENERO MIL NOVECIENTOSSESEN S N BAJO
670;20;Uranzu Kalea 31 Irun
671;20;Urb. Playa Dorada Garrucha
672;10;Urbanización Industrial el Goro - C/Josefina  Mayor, 10-A
673;10;Urbanización Industrial el Goro - C/Josefina  Mayor, 10-A. Las palmas
674;10;Usine de Tiebas 31398 Tiebas 
675;2;Valladolid S/NPR
676;50;Valladolid S/NPR MERIDA
677;2;Valle de Escombreras 1 (Cartagena CO2)
678;;Vega de Espinareda
679;;Vega de Valcarcel
680;100;Vejer de la Frontera CADIZ
681;10;Via de Francia s/n, Recinto Interior de la Zona Franca (Edificio Europa)
682;20;Virtual Office Oropesa
683;10;Zaragoza, Poligono Industrial C/B S/N, Pina de Ebro, 50750
684;7;Zona Industrial Pol., 83
685;300;Zumakadi Ibilbidea 21A